{"count":1,"self":365.181696,"total":2232.5767226,"children":{"InitializeActuators":{"count":22,"self":0.0020009,"total":0.0020009,"children":null},"InitializeSensors":{"count":22,"self":0.0010004999999999999,"total":0.0010004999999999999,"children":null},"AgentSendState":{"count":322567,"self":22.514124799999998,"total":737.31318709999994,"children":{"CollectObservations":{"count":1419308,"self":133.8134912,"total":133.8134878,"children":null},"WriteActionMask":{"count":1419308,"self":4.8419691999999994,"total":4.8419691,"children":null},"RequestDecision":{"count":1419308,"self":15.4118208,"total":576.1436059,"children":{"AgentInfo.ToProto":{"count":1419308,"self":18.759798399999998,"total":560.7317855,"children":{"GenerateSensorData":{"count":1419308,"self":541.971968,"total":541.9719864,"children":null}}}}}}},"DecideAction":{"count":322567,"self":1108.2749952,"total":1108.274981,"children":null},"AgentAct":{"count":322567,"self":21.289924799999998,"total":21.8018692,"children":{"AgentInfo.ToProto":{"count":1408,"self":0.0240054,"total":0.5119444,"children":{"GenerateSensorData":{"count":1408,"self":0.48793899999999996,"total":0.48793899999999996,"children":null}}}}}},"gauges":{"Ball.CumulativeReward":{"count":1408,"max":-1.3999989,"min":-21.5603981,"runningAverage":-12.1107082,"value":-8.090028,"weightedAverage":-9.1324625}},"metadata":{"timer_format_version":"0.1.0","start_time_seconds":"1652134158","unity_version":"2020.3.23f1","command_line_arguments":"C:\\Program Files\\Unity\\Hub\\Editor\\2020.3.23f1\\Editor\\Unity.exe -projectpath D:\\AI For Games\\Machine Learning -useHub -hubIPC -cloudEnvironment production -licensingIpc LicenseClient-sorus -hubSessionId 913d8ca0-cee7-11ec-8e5c-211589ea70ba -accessToken OUh_oyC7VyjLBhDuQSNls37_n_JE1fi4D8enpDeCRZw005f","communication_protocol_version":"1.5.0","com.unity.ml-agents_version":"2.0.0","scene_name":"Soroush","end_time_seconds":"1652136391"}}